human,bacterial,score
Q5TCU3,A0A0J6C625,0.9975983500480652
P05386,A0A0J6C2U2,0.9955702424049377
O95429,A0A0J6C5Y2,0.9989908337593079
Q9UDT6,A0A0J6C5X7,0.9991247057914734
Q9ULV0,A0A2K9P088,0.99609375
E9PLN0,A0A0J6C5Y5,0.9994370341300964
E5RHG9,A0A0J6C4U9,0.9917691946029663
A0A590UK44,A0A0J6C3X6,0.9998645782470703
A0A5F9ZH50,A0A0J6C2K7,0.9976663589477539
E9PNV4,A0A0J6C3Z1,0.998801589012146
A0A6Q8PGX7,A0A0J6C3C2,0.9979530572891235
Q9BVC5,A0A0J6C498,0.9943549633026123
B7ZM99,A0A0J6C5Z4,0.9984474778175354
Q15031,A0A0J6C4I4,0.9976020455360413
P35244,A0A0J6C437,0.9934712648391724
Q9NZC7,A0A0J6C3V3,0.9998000264167786
Q9UJY4,A0A0J6C5Q5,0.999824583530426
H3BSJ7,A0A0J6C3Z1,0.9947966933250427
Q4VC44,A0A0J6C5P1,0.999687671661377
Q8IXV7,D4JZ56,1.0
I3L526,A0A0J6C535,0.9986017346382141
P10721,A0A0J6C2Z0,0.9998742341995239
A0A0A0MSE9,A0A0J6C351,0.995019793510437
Q6PI48,A0A0J6C3P8,0.9986995458602905
P0DME0,A0A173VDC4,0.99951171875
Q92624,A0A413RC28,0.99658203125
P11233,A0A0J6C3J3,0.9944779872894287
A8MYV6,A0A0J6C419,0.9951921701431274
P49815,A0A0J6C4Z9,0.9928590059280396
Q9UET6,A0A0J6C2W5,0.9926270842552185
H0YMN8,A0A0J6C5A2,0.990655243396759
Q7L8J4,A0A0J6C2P9,0.9971932768821716
E7ENL8,A0A0J6C4N1,0.994231641292572
Q99460,A0A0J6C4B5,0.9909694790840149
Q9NYI0,A0A0J6C4E4,0.999042809009552
A0A804HJ80,A0A0J6C335,0.9936313033103943
P28039,A0A0J6C2L8,0.9972038269042969
F8VRU2,A0A0J6C4J8,0.999639630317688
M0QZ12,A0A0J6C4H2,0.9921351671218872
F5H4U1,A0A0J6C4X9,0.9981880784034729
E7ETT4,A0A0J6C5H2,0.990637481212616
A0A6Q8PFP1,A0A0J6C306,0.9952157735824585
B7Z1V0,A0A0J6C4L1,0.9999936819076538
A0A6Q8PG63,A0A0J6C2U6,0.9930614829063416
Q96P16,A0A0J6C344,0.9998247027397156
P0CG23,A0A0J6C5T9,0.9997040629386902
E9PIY6,A0A0J6C4I4,0.9937058091163635
Q9UNL2,F9ZAB8,0.9912109375
Q15648,A0A0J6C392,0.9994947910308838
O60315,A0A0J6C324,0.9942193031311035
E9PFF2,A0A0J6C591,0.9918355941772461
A2A299,A0A0J6C372,0.9975195527076721
F5H6A5,A0A413RC28,0.998046875
K7EQ02,A0A0J6C518,0.9956294298171997
F8W1G6,A0A0J6C5X3,0.9986273050308228
Q8IVB4,A0A0J6C3L7,0.9992445707321167
K7EKF7,A0A0J6C3Q8,0.9927031993865967
D6R982,B1C0C2,1.0
Q14112,A0A0J6C5Z9,0.9968374967575073
Q9BRX8,A0A0J6C4U9,0.9924736022949219
A0A7P0TA15,A0A0J6C357,0.9966421127319336
O14593,A0A0J6C607,0.9936169385910034
A0A3B3ITA7,A0A0J6C362,0.998262345790863
P23246,A0A0J6C4N8,0.9970417618751526
A0A087WW26,A0A0J6C4K2,0.9993956089019775
A0A3B3ISL9,A0A0J6C3J7,0.9989761114120483
J3QLL0,A0A0J6C344,0.9931623935699463
E5RFH0,A0A0J6C494,0.9998195767402649
E7EPE2,A0A0J6C4X3,0.9997062087059021
Q8NBT0,A0A0J6C5V4,0.990183413028717
A0A3B3ITC3,A0A0J6C5R9,0.9949304461479187
J3QSB4,A0A3E2EFQ4,0.9921875
A0A1B0GVU5,A0A0J6C4U9,0.9937187433242798
B0QYR5,A0A0J6C3Z1,0.9933717250823975
H0YNB7,A0A0J6C388,0.9937770366668701
F8VUZ4,A0A0J6C2H2,0.9900220036506653
F5GWX2,A0A0J6C566,0.9938288331031799
E9PNV4,A0A0J6C4J2,0.9974431991577148
H0YC97,C4Z3P2,0.990234375
O94927,A0A0J6C4N1,0.9984623193740845
F5H2T0,D4JZ56,0.99853515625
K7ESP1,A0A0J6C4E4,0.9998792409896851
Q0D2J5,A0A0J6C3T1,0.9941743016242981
Q9Y274,A0A0J6C419,0.9965357780456543
Q9Y2X3,A0A2K9P088,0.99951171875
Q12778,A0A0J6C351,0.9957759976387024
O95670,A0A0J6C4X3,0.9994210004806519
F8WCT1,A0A0J6C321,0.9912069439888
F6TR53,A0A0J6C5Q9,0.9979625940322876
Q9Y672,A0A0J6C4X9,0.9936761260032654
Q96MX6,A0A0J6C4B2,0.995275616645813
Q8IUH5,A0A0J6C413,0.9960771203041077
F6X827,A0A2K9P088,0.99853515625
O60381,A0A413RC28,0.99755859375
C9JZ66,A0A0J6C3J3,0.9999680519104004
O14559,A0A0J6C362,0.9927721619606018
E9PS34,B1C0C2,0.9990234375
E5RGB3,A0A0J6C3F6,0.9939714074134827
H0YKL9,A0A0J6C5L8,0.9999997615814209
Q14995,A0A0J6C357,0.9945307374000549
P41217,A0A0J6C5D6,0.9915424585342407
C9J652,A0A0J6C3V8,0.9951950907707214
Q9H2K8,A0A0J6C4N8,0.9990513920783997
A0A0U1RRA6,A0A0J6C5T3,0.9991660118103027
Q13310,A0A0J6C4R9,0.9905321598052979
A0A1B0GUV4,A0A0J6C4J8,0.9927045702934265
A0A494C0E2,A0A0J6C313,0.9998003840446472
A0A5F9ZHW9,A0A413RC28,0.9990234375
Q8WUQ7,A0A0J6C3T6,0.9912762641906738
E9PEN0,A0A0J6C5P5,0.9996352195739746
Q5TBH9,A0A0J6C338,0.9999362230300903
E9PRV7,A0A0J6C555,0.9931051135063171
B4DR92,A0A0J6C5A7,0.9992235898971558
A0A0S2Z4Z4,A0A173VBD4,0.998046875
Q13277,A0A0J6C3R5,0.9916189908981323
E9PME3,A0A0J6C2N7,0.9962235689163208
O75911,A0A0J6C4E4,0.9993232488632202
F8VP94,A0A0J6C4W9,0.9970115423202515
P55145,A0A0J6C400,0.999873161315918
O00170,A0A0J6C3S5,0.9979339838027954
Q8N594,A0A0J6C4D7,0.9922072291374207
A0A0U1RR70,A0A0J6C2Y7,0.9907916784286499
Q5VVL2,A0A0J6C5G7,0.9995662569999695
Q9H008,A0A0J6C2H7,0.9991592168807983
A0A7P0MUT5,A0A0J6C4S9,0.9954203963279724
E9PL17,A0A0J6C2N3,0.9918021559715271
Q9NVA1,A0A0J6C2P4,0.9929900169372559
O95239,A0A0J6C5C6,0.9941149353981018
D6RBB4,A0A0J6C317,0.9972931742668152
A0A5F9ZH83,A0A2K9P088,0.99951171875
A0A7I2V313,A0A0J6C3H8,0.9932274222373962
A0A1B0GUC3,A0A0J6C3I3,0.9971470236778259
Q9UBP9,A0A0J6C518,0.9999775886535645
S4R2Z8,A0A0J6C4G3,0.9908552169799805
A0A6Q8PHA0,A0A0J6C4X9,0.9934820532798767
Q9NYG2,A0A0J6C4E7,0.9999850988388062
P31153,A0A0J6C2X6,0.9974275231361389
A0A087X1E4,A0A0J6C3G6,0.9976782202720642
D6RDA9,A0A0J6C491,0.9962967038154602
A0A0G2JQU7,A0A0J6C3Q8,0.9941920638084412
A0A7I2V2E3,A0A0J6C3V3,0.9958879351615906
B4DRY2,A0A0J6C2Z0,0.9946869611740112
D6RAA2,A0A0J6C498,0.9985608458518982
E9PPB8,A0A0J6C4I9,0.9976154565811157
I3L2X1,A0A0J6C4F0,0.9957756400108337
Q9UIA0,A0A0J6C484,0.9997648596763611
A0A3B3ISV9,A0A0J6C4X3,0.9929989576339722
G3V192,A0A139L8W9,0.99609375
Q2TAC6,A0A0J6C566,0.9950854182243347
E9PQ59,A0A0J6C3E2,0.997316300868988
A0A7P0TA05,A0A0J6C3J7,0.9934282898902893
P04271,A0A0J6C4G3,0.9924914240837097
Q96AY2,A0A0J6C5F7,0.991304874420166
A0A6Q8PGW4,A0A0J6C5Q1,0.9999775886535645
Q9HAQ2,A0A0J6C4W9,0.9912774562835693
Q8NFJ5,A0A1H4CMV9,0.99267578125
M0R063,A0A0J6C2N3,0.9994887113571167
E5RH50,A0A413RC28,0.99560546875
Q92824,A0A0J6C561,0.9999485015869141
O75116,A0A0J6C3T6,0.9975228905677795
G3V258,A0A0J6C4L1,0.9913177490234375
E7EUL0,A0A0J6C5H2,0.9930493831634521
K7EPC7,A0A0J6C503,0.9998751878738403
E9PIM5,A0A0J6C2N7,0.9988903403282166
A0A7P0MRW0,A0A0J6C3D2,0.9904374480247498
Q9P2J9,A0A0J6C2V6,0.99338299036026
A0A5F9ZGW4,A0A0J6C5T9,0.9986996650695801
F8VXY9,A0A0J6C5A2,0.9956784844398499
O15427,A0A0J6C5E6,0.9914332628250122
A0A087WW26,A0A0J6C2V6,0.9992367029190063
Q9UKI2,A0A0J6C3K8,0.9953368306159973
P51149,A0A0J6C4V9,0.9975353479385376
E9PG02,A0A0J6C3E7,0.9991557598114014
U3KPR5,A0A0J6C4D7,0.9902849793434143
Q9H4X1,A0A0J6C4Z9,0.9979494214057922
H7C1L7,A0A0J6C388,0.994521975517273
E7ET15,A0A0J6C4P7,0.9979614019393921
B8ZZX2,A0A0J6C586,0.9945129156112671
Q8IUQ0,A0A0J6C2H2,0.9993508458137512
A0A0U1RR70,A0A0J6C5Z4,0.9992402791976929
C9J453,A0A0J6C5G1,0.9963487386703491
P09429,A0A0J6C341,0.9969927072525024
Q9BQP7,A0A0J6C5M2,0.9949212670326233
Q96SZ5,A0A0J6C5Y8,0.9930483102798462
A0A6Q8PGN6,A0A0J6C5U9,0.9950064420700073
A0A669KBA3,A0A0J6C3E2,0.999916672706604
O14795,A0A0J6C335,0.9924055933952332
C9J9G2,A0A0J6C4I4,0.9995515942573547
F8VWB3,A0A0J6C5U4,0.9969182014465332
A0A5F9ZGZ3,A0A0J6C4F0,0.9974603652954102
B4E0K5,A0A0J6C3G6,0.996421217918396
E9PPB8,A0A0J6C3A7,0.9952410459518433
P16152,A0A0J6C5W4,0.991747260093689
H0YG96,A0A0J6C607,0.9993797540664673
A0A087WXU5,A0A0J6C5F7,0.9906319379806519
D6RBP9,A0A0J6C4Q3,0.9956725835800171
Q13123,A0A0J6C3K8,0.9954149723052979
Q6P4F7,A0A0J6C620,0.9948910474777222
A0A7I2YQQ3,A0A0J6C4H6,0.99562668800354
Q1RLN5,A0A0J6C3A7,0.9921903014183044
E9PB61,A0A0J6C309,0.9986200332641602
A0A3B3ITM6,A0A0J6C5F7,0.9938923120498657
Q99683,A0A0J6C5S7,0.9977053999900818
A0A7P0TA05,A0A0J6C4W9,0.9908385872840881
P09669,A0A0J6C2U9,0.9982201457023621
A0A1B0GW91,A0A0J6C4L3,0.9940117001533508
J3KS10,A0A174UKS2,0.9931640625
Q9BUQ8,A0A0J6C3U2,0.9989432692527771
G3V3Z8,A0A0J6C2U2,0.9920498728752136
Q5EBL8,A0A0J6C4T3,0.9997460246086121
A0A0G2JMB2,A0A0J6C2N3,0.9999874830245972
Q9BSB4,A0A0J6C362,0.991448700428009
Q9Y2C2,A0A0J6C4I4,0.9978640675544739
H0YKC5,A0A0J6C3F6,0.9913920164108276
A0A2R8YDP2,A0A0J6C3J7,0.9935083389282227
A0A087X1R9,A0A0J6C3C2,0.9986157417297363
A0A1B0GTA9,A0A0J6C4I7,0.9999703168869019
Q8N370,A0A0J6C4H2,0.9964526891708374
Q9BVC5,A0A0J6C4H6,0.9910361766815186
Q86SE9,A0A0J6C5R5,0.9947598576545715
Q9ULD6,A0A0J6C5X3,0.9999920129776001
A0A6Q8PGX7,A0A0J6C3L7,0.9910053014755249
D6RDX1,A0A0J6C3R5,0.9906981587409973
C9JCK8,A0A0J6C4L3,0.997016191482544
Q9BT78,A0A0J6C535,0.9949817061424255
A0A0A0MSV7,A0A0J6C5U4,0.9999662637710571
A0A2U3TZJ6,A0A0J6C329,0.998852014541626
A0A0G2JPS8,A0A0J6C3J3,0.9917371869087219
Q3B891,B1C429,0.990234375
Q5VYS8,A0A0J6C2L8,0.9911512732505798
A0A3B3ITM6,A0A0J6C372,0.995684027671814
I3L1N5,A0A0J6C2N3,0.9980058073997498
Q9C0I1,A0A0J6C3W3,0.9999028444290161
Q92563,A0A0J6C3Q8,0.9985136389732361
O43776,A0A0J6C2U2,0.9946686625480652
F8WD96,A0A0J6C382,0.9912025928497314
G3V111,A0A0J6C382,0.9918180704116821
E9PHX8,A0A0J6C2K7,0.9960944056510925
C9JCY0,A0A0J6C3Q8,0.9978172779083252
H0YD75,A0A0J6C5F0,0.9999957084655762
O75626,A0A0J6C575,0.9945612549781799
Q9Y6E2,A0A0J6C3E7,0.9924747347831726
Q6ZMJ2,A0A0J6C362,0.9981772899627686
B5MCN7,A0A0J6C479,0.9917689561843872
A0A7I2SVS4,A0A0J6C3K3,0.9930225014686584
V9GZ72,A0A0J6C5V4,0.9980633854866028
Q5JSK7,A0A0J6C5W9,0.9960499405860901
Q00534,A0A0J6C4W9,0.9921745657920837
B4DJ75,A0A0J6C3R9,0.9928297400474548
C9IZ83,A0A0J6C4J8,0.9984366297721863
G3V3X0,A0A0J6C3B2,0.9929720759391785
Q96I25,A0A0J6C2W8,0.993961751461029
B4DE54,A0A0J6C392,0.9987534284591675
C9J2X8,A0A174EXC5,0.99365234375
P05386,A0A0J6C329,0.9976728558540344
Q9NY27,A0A0J6C512,0.997261643409729
Q5SVK0,A0A0J6C607,0.9967514276504517
Q8NC60,A0A0J6C362,0.9956185221672058
E9PPT0,A0A0J6C4C6,0.9907150268554688
Q9UBS8,A0A0J6C3P0,0.9991509914398193
P78317,A0A0J6C2Z3,0.9923836588859558
A0A7I2YQX9,A0A0J6C335,0.9988086223602295
P82675,A0A0J6C3F1,0.9996277093887329
A0A2R8YCP0,A0A0J6C581,0.9954572916030884
Q9Y3B8,A0A0J6C3B2,0.9906324148178101
A0A3B3IRY8,A0A0J6C341,0.9908676147460938
H0YJE6,A0A173VBD4,0.9921875
Q96RS0,A0A2K9P2Q1,0.99755859375
A0A1B0GWD5,A0A0J6C2V4,0.9913971424102783
A0A096LPC8,A0A0J6C4A3,0.9956693649291992
A0A087WYD1,A0A0J6C5N6,0.9960250854492188
H7C4S2,A0A0J6C3A7,0.9947429895401001
Q08116,A0A0J6C2K7,0.9906486868858337
A0A6Q8PFH2,A0A0J6C2K2,0.9929976463317871
Q8TD55,A0A0J6C3M7,0.9926761984825134
E5RJN7,A0A0J6C5L8,0.9948884844779968
M0QZ12,A0A0J6C5W9,0.9977282881736755
Q9BRJ2,A0A0J6C3L2,0.9911004900932312
H0YJ64,A0A0J6C4J2,0.9922665953636169
Q8TBK6,A0A139KXS2,0.99072265625
Q9NY65,A0A0J6C4E0,0.9993689656257629
C9JJK5,A0A0J6C4M0,0.9928849339485168
Q5TBQ0,A0A0J6C2N3,0.9943603873252869
F8VUJ0,D4JZ56,0.9990234375
B4DR67,A0A0J6C437,0.9995898604393005
H7C2T3,A0A0J6C3A3,0.996893048286438
P51636,A0A0J6C4X3,0.996573805809021
P20042,I9S327,0.9921875
Q96HQ2,A0A0J6C4N8,0.9992289543151855
Q12866,A0A0J6C545,0.9999269247055054
X6RCN5,A0A0J6C357,0.990409255027771
A0A7P0TBJ6,A0A0J6C400,0.9904552102088928
Q4G0J3,A0A0J6C4J8,0.9934715032577515
H7BZD1,A0A0J6C4N1,0.9996986389160156
Q5T1W1,A0A0J6C313,0.9994452595710754
O43615,A0A0J6C503,0.9976401329040527
F8VWY2,A0A0J6C4W5,0.9985404014587402
A0A2R8Y7U4,A0A0J6C615,0.9934967756271362
P50135,A0A0J6C3C2,0.9976957440376282
Q96MX6,A0A0J6C3Q3,0.9913186430931091
A0A6I8PRR9,A0A0J6C540,0.9921658039093018
H0YK99,A0A0J6C5B2,0.9942671656608582
H0YN00,A0A0J6C2L2,0.9948198199272156
C9J9M8,A0A0J6C523,0.9985338449478149
A0A7P0Z450,A0A0J6C3U7,0.9985443353652954
P62273,A0A0J6C4H6,0.9904977679252625
Q5SVJ9,A0A0J6C5Q9,0.9997338652610779
I3L2F8,A0A0J6C2H7,0.9991539716720581
E9PI77,B1C0C2,0.9951171875
Q9Y3B8,A0A0J6C357,0.9931540489196777
Q8IU89,A0A174NP68,0.994140625
E5RG12,A0A0J6C5F0,0.9919151067733765
Q92617,A0A0J6C4E7,0.9999321699142456
A1L390,A0A0J6C3H8,0.9925432205200195
Q96A65,A0A0J6C5R9,0.993157684803009
H0YB80,A0A0J6C5B8,0.9958285689353943
A0A024R5G9,A0A0J6C413,0.991606593132019
G3V4B7,D4JZ56,1.0
A0A087WXR7,D3IHB1,0.99365234375
Q86SQ0,A0A0J6C643,0.9959906935691833
Q5H9U9,A0A0J6C4G3,0.9921084046363831
A0A7I2V3C8,A0A0J6C3G6,0.9931734204292297
A0A7I2YQQ3,A0A0J6C4L3,0.9980359673500061
Q96Q89,A0A0J6C3A3,0.9980834722518921
Q9NZC7,A0A0J6C4M6,0.9908120036125183
A0A087WTI6,A0A0J6C4P2,0.99442058801651
P55789,A0A0J6C2N7,0.999065101146698
F8W787,A0A0J6C4H2,0.9993947744369507
A0A0A0MQS4,A0A0J6C3X0,0.9973904490470886
H0Y4B0,A0A0J6C4P2,0.996703565120697
H0YMP1,A0A0J6C4E4,0.999940037727356
Q4VY20,A0A0J6C4L3,0.9983193278312683
C9J480,A0A0J6C4P2,0.9993335604667664
Q9UPZ9,A0A0J6C2U9,0.9939079284667969
A0A7P0TA15,A0A0J6C5Z4,0.998547375202179
F8WD15,B1C0C2,1.0
Q68BL8,A0A0J6C3P8,0.9981433153152466
E5RHB5,A0A0J6C5P5,0.9998918771743774
F8W7U3,A0A0J6C507,0.9915036559104919
J3KS22,A0A0J6C3C7,0.9957252740859985
Q96EV8,A0A0J6C2P9,0.9986055493354797
P09429,A0A0J6C529,0.9945724606513977
O75146,A0A0J6C523,0.9909217953681946
K7EIJ3,A0A0J6C4G3,0.9956133365631104
Q13867,A0A173RXF9,0.99072265625
A8MVT4,D4JZ56,0.99853515625
Q9Y265,A0A0J6C643,0.9938581585884094
Q8WYA6,A0A0J6C392,0.9999608993530273
P35251,A0A0J6C5Z2,0.9961800575256348
E5RJX2,A0A0J6C5D6,0.9990333318710327
K7ER15,A0A0J6C2Y7,0.9972864389419556
A0A804HJ61,A0A0J6C4J8,0.9968727231025696
A0A7I2V5H2,A0A0J6C3Z6,0.9908377528190613
P57059,A0A0J6C4I9,0.9977633953094482
P30988,A0A0J6C5L8,0.9909074306488037
P11233,A0A0J6C4W9,0.9903844594955444
J3KPC5,A0A0J6C3P4,0.9908698201179504
A0A0C4DGC9,A0A0J6C4K2,0.9986396431922913
F5H3B6,A0A2K9P088,0.99755859375
C9JS54,A0A0J6C518,0.9907855987548828
Q8N8N7,A0A0J6C486,0.9999043941497803
Q16718,A0A2K9P088,1.0
Q9UF94,A0A0J6C2U2,0.9960500597953796
M0R2G3,A0A0J6C3S5,0.9921205043792725
H3BRE9,A0A0J6C2I9,0.9905241131782532
A0A286YF93,A0A0J6C566,0.9957979321479797
Q9HB63,A0A0J6C571,0.993101954460144
F8VTR5,A0A0J6C5P5,0.9994310736656189
G3V174,A0A0J6C550,0.9969304203987122
H3BRM6,A0A174PQL9,0.99658203125
H0YB80,A0A0J6C2J6,0.9975137710571289
G3V1L6,A0A0J6C443,0.9938201308250427
Q8NFZ0,A0A0J6C3D7,0.9985902905464172
O60238,A0A0J6C5S7,0.9988914132118225
A0A087WZ58,A0A2K9P088,0.99951171875
H3BPG5,A0A0J6C3C7,0.9917569756507874
A0A1W2PRF0,A0A0J6C3J3,0.9915852546691895
Q5T6L5,A0A0J6C2I3,0.9952555298805237
Q92506,A0A0J6C5Q5,0.999362051486969
A0A7I2V3J9,A0A0J6C2K2,0.9961912631988525
F8VXY9,A0A0J6C486,0.9985476136207581
B1AK88,A0A0J6C2X9,0.9925503730773926
Q9Y6E2,A0A0J6C5Q1,0.9999202489852905
K7EPC7,A0A0J6C518,0.994084894657135
P61024,A0A0J6C2M8,0.9991732239723206
A0A7P0TA05,A0A0J6C3S5,0.9966727495193481
M0R2G6,A0A0J6C5V4,0.9933627843856812
Q13310,A0A0J6C3S5,0.9973558187484741
Q02952,A0A0J6C4G9,0.9917874932289124
H0YAE6,A0A0J6C494,0.9974541068077087
A0A804HJL8,A0A0J6C4I7,0.999947190284729
A0A3B3IUC0,A0A0J6C443,0.9980631470680237
P30519,A0A0J6C341,0.9972600936889648
Q13247,A0A0J6C3A7,0.9969825148582458
Q12768,A0A0J6C4T8,0.9922003149986267
Q14112,A0A0J6C4G3,0.9952253103256226
H7C3B9,A0A0J6C4M6,0.9999749660491943
Q9UQF2,A0A0J6C3T6,0.9984208345413208
I3L4P1,A0A0J6C4C9,0.9919586181640625
F2Z388,A0A413RC28,0.998046875
Q8N884,A0A0J6C5S4,0.9907801747322083
P51159,A0A0J6C3P0,0.9934418201446533
E9PHN7,A0A0J6C5U4,0.9902454614639282
O15427,A0A0J6C341,0.9905345439910889
F8VYN5,A0A0J6C4V4,0.9944213032722473
A0A7I2V2N6,A0A0J6C5M6,0.9933299422264099
H0YKA3,A0A0J6C5P1,0.9966447353363037
Q13496,A0A0J6C581,0.9921510219573975
Q13158,A0A0J6C4I4,0.9928115010261536
E7EN86,A0A0J6C4G9,0.9997057318687439
Q7Z6U2,A0A0J6C2N3,0.9952875375747681
H0Y811,A0A0J6C5E6,0.9959543943405151
A0A0C4DGS4,A0A413RC28,0.99072265625
K7EKU0,A0A0J6C491,0.9994626641273499
H3BPG5,A0A0J6C2Q5,0.9900606870651245
F5H6I0,A0A0J6C5U4,0.9903304576873779
Q708E6,A0A0J6C3M7,0.9913195967674255
O15144,A0A0J6C523,0.9992893934249878
C9J5Z5,A0A0J6C4G9,0.9918083548545837
Q14003,A0A0J6C3D7,0.9985639452934265
A0A1W2PRS4,A0A0J6C575,0.9913911819458008
C9JNZ3,A0A0J6C2M8,0.995205283164978
Q5K4L6,A0A0J6C5Z4,0.9991814494132996
F8WF45,A0A0J6C397,0.9987987279891968
B1AN62,A0A0J6C3X0,0.9932703375816345
K7ELH8,A0A0J6C3D2,0.9988362193107605
Q07812,A0A0J6C313,0.9944067001342773
P42167,A0A2K9P2Q1,0.99462890625
P47985,A0A0J6C632,0.9900766015052795
P49238,A0A0J6C561,0.9985666871070862
G3V5B2,A0A0J6C400,0.9929632544517517
P17275,A0A0J6C5C6,0.9905133247375488
R4GNG3,A0A2K9P088,0.99951171875
K7EKQ0,A0A0J6C2I9,0.9928826093673706
H3BMQ8,A0A0J6C625,0.9939858913421631
F5H3Y3,A0A0J6C540,0.9995130300521851
O75764,A0A0J6C5G7,0.9997125267982483
F8W9E5,A0A0J6C3H2,0.9972237348556519
H3BLU7,A0A0J6C5L8,0.9934121966362
H0YB80,A0A0J6C643,0.9975111484527588
Q9ULZ3,A0A0J6C362,0.9937979578971863
A0A7I2V4G3,A0A0J6C3S5,0.9988681077957153
Q9H9L3,A0A0J6C3A3,0.9989311099052429
Q9H6Q4,A0A0J6C603,0.9998058676719666
A0A3B3IUC0,A0A0J6C4B2,0.9973266124725342
H0YJ64,A0A0J6C4J8,0.9926376342773438
Q9UQF2,A0A0J6C4D3,0.9996705055236816
Q5T770,D4JZ56,0.99462890625
P55085,A0A0J6C327,0.9908362627029419
X6RCN5,A0A0J6C4B9,0.996905505657196
C6YB45,A0A0J6C5Y5,0.99974125623703
Q3V6T2,A0A0J6C4D7,0.9977438449859619
B8ZZA1,A0A139KXS2,0.9970703125
Q9NQW7,A0A0J6C4W5,0.9995086193084717
G3V4T2,A0A0J6C4K2,0.9981511235237122
A0A1B0GV54,A0A0J6C4G6,0.9972353577613831
K7EMT0,A0A0J6C4M0,0.9975842237472534
E9PFZ1,A0A0J6C4F8,0.9964750409126282
Q5VZ18,A0A0J6C3Q8,0.9999969005584717
A0A087WV97,A0A0J6C4R9,0.9999998807907104
C9J038,A0A0J6C625,0.9923219084739685
Q9Y4R7,A0A0J6C4G6,0.9966217279434204
O00237,A0A0J6C3I8,0.999312162399292
A0A7I2V402,A0A0J6C5E6,0.9954309463500977
Q4G0J3,A0A0J6C5Y2,0.9999943971633911
H0YMD3,A0A0J6C397,0.9934862852096558
P20711,A0A0J6C512,0.9948295950889587
A0A0C4DFM1,A0A0J6C3H8,0.9991337656974792
D6RGZ3,A0A0J6C5W4,0.996857762336731
A0A087X0Y1,A0A0J6C610,0.9912859797477722
A0A7P0T8E8,A0A0J6C3H8,0.996370792388916
C9J0K5,A0A0J6C3J7,0.9924635887145996
A0A7I2V2I9,A0A0J6C302,0.9948809146881104
P20336,A0A0J6C443,0.9928175210952759
M0QXB4,A0A0J6C5V9,0.9995425939559937
Q14202,A0A0J6C518,0.9976186156272888
B7Z7P0,A0A2K9P088,0.9990234375
Q8TDP1,A0A0J6C2Z3,0.9900033473968506
G3V5B7,A0A0J6C397,0.9901186227798462
A0A7P0T8E8,A0A0J6C4Q9,0.9927865862846375
P27482,A0A0J6C4J5,0.9999765157699585
A0A6Q8PGW4,A0A0J6C3U2,0.9947319030761719
D6RCR8,A0A0J6C491,0.9962085485458374
P36507,A0A0J6C5M6,0.9947004318237305
A0A1B0GVN4,A0A0J6C2X6,0.9950137734413147
K7EQ95,A0A1H4CMV9,1.0
Q5VV89,A0A0J6C5U9,0.99988853931427
C6YB45,A0A0J6C335,0.9996460676193237
G3V174,A0A0J6C4H6,0.9978552460670471
A0A2U3TZI9,A0A0J6C5G7,0.9986194372177124
K7EIE4,A0A2K9P088,0.99267578125
O60667,A0A0J6C479,0.9911256432533264
E5RGH3,A0A0J6C2M8,0.9978489875793457
A0A7P0T8D4,A0A0J6C2X9,0.9906991124153137
F8W930,A0A0J6C4A3,0.9971680045127869
Q9P0I2,A0A0J6C3A7,0.9973800778388977
I3L2H6,A0A0J6C4G6,0.9975106716156006
E5RG82,A0A0J6C3N2,0.999677300453186
J3QRW1,A0A0J6C4P2,0.9973088502883911
C9J512,A0A0J6C4V9,0.9988370537757874
K4DIA2,A0A0J6C5L8,0.9999997615814209
A0A7P0T9R0,A0A0J6C4Q3,0.9994126558303833
A0A1B0GV77,A0A0J6C518,0.9933077096939087
Q15024,A0A0J6C4L1,0.9999960660934448
Q9NXV6,A0A0J6C4C9,0.9998518228530884
K7EKZ3,A0A0J6C5B8,0.9961615800857544
H7C3P9,A0A0J6C3B2,0.9960789084434509
A2A274,A0A0J6C555,0.9912192225456238
A0A3F2YNX8,A0A0J6C5N1,0.9943838119506836
Q92617,A0A0J6C2N3,0.9909101128578186
Q6ZT98,A0A0J6C507,0.9984669089317322
Q9Y6E0,A0A0J6C4N1,0.9903051853179932
Q8N118,A0A0J6C3T1,0.9907365441322327
A0A3F2YNY7,A0A0J6C341,0.9944220185279846
Q9BVC5,A0A0J6C3P0,0.9955788254737854
H7BZD1,A0A0J6C5V4,0.9985809326171875
A0A3B3IT07,A0A0J6C561,0.9988930821418762
H0Y9S9,A0A0J6C4R4,0.9952595829963684
B4DRY2,A0A0J6C313,0.993172824382782
Q04637,A0A0J6C540,0.9921282529830933
J3KPF9,A0A0J6C4M0,0.9995144605636597
A0A286YFF1,A0A0J6C596,0.992462158203125
A0A0U1RQN6,A0A0J6C575,0.9998799562454224
O43159,A0A0J6C4U4,0.9949041604995728
Q15648,A0A0J6C3S5,0.9945845007896423
Q9Y2A4,A0A0J6C5F0,0.999998927116394
A0A7P0TA18,A0A0J6C4F0,0.9950439929962158
A0A6I8PS01,A0A0J6C372,0.9912689924240112
Q9Y2C2,A0A0J6C4C9,0.9945002794265747
C9JJD0,A0A0J6C321,0.9900500774383545
J3KP27,A0A0J6C561,0.9938981533050537
P42766,A0A174RU91,0.99462890625
A0A7I2V4U2,A0A0J6C3N2,0.9902774095535278
P82914,A0A0J6C3B7,0.9956368803977966
K7EP41,A0A0J6C3R5,0.9943801760673523
P22314,A0A0J6C2W5,0.9988332390785217
H3BS04,A0A0J6C302,0.9973052740097046
C9JGM7,A0A0J6C5D6,0.9992726445198059
D3YTB5,A0A0J6C586,0.9962933659553528
Q8IVW6,A0A0J6C392,0.9993805885314941
Q9H3U1,A0A0J6C5U4,0.9927967190742493
Q15648,A0A0J6C3G6,0.9979498982429504
Q14149,A0A0J6C3E2,0.9980183839797974
Q495G5,A0A0J6C5Q1,0.9988389611244202
P56645,A0A0J6C2W5,0.9920333027839661
Q13451,A0A0J6C4P2,0.9997541308403015
Q92800,A0A0J6C566,0.9962448477745056
C9JV02,A0A0J6C302,0.9998144507408142
Q9UBK8,A0A0J6C5U4,0.9996553659439087
Q86V24,A0A0J6C4M0,0.9980729818344116
P46020,A0A0J6C3P8,0.9966816306114197
Q8IZA0,A0A0J6C4B5,0.9950690269470215
Q9UHJ6,A0A0J6C4T3,0.99534672498703
A0A669KAX3,A0A0J6C491,0.9991544485092163
A0A7P0T8Y4,A0A0J6C377,0.9999959468841553
P42081,A0A2K9P2Q1,0.99853515625
A0A286YF73,A0A0J6C5G1,0.9946787357330322
H0YLE8,A0A0J6C2Z0,0.9971715807914734
K4DIB8,A0A0J6C2R0,0.9988846182823181
Q02952,A0A0J6C2H7,0.9933838248252869
A0A7I2V2W4,A0A0J6CGV4,0.99072265625
B4DII4,A0A0J6C2L8,0.9911693334579468
Q5T8R1,A0A0J6C5T9,0.9908062815666199
P26368,D4JZ56,0.99951171875
H0YN00,A0A0J6C625,0.9924516081809998
A0A669KB56,B1C0C2,0.994140625
K7EPM3,A0A0J6C2Z7,0.9979255199432373
Q01658,F9Z7R4,0.99169921875
G5E9X1,A0A0J6C5S4,0.9915468096733093
A0A2R8YES7,A0A0J6C4F5,0.995080828666687
A0A5F9ZI39,A0A0J6C535,0.9970155954360962
Q14CW9,A0A0J6C4I4,0.994577169418335
B9A037,A0A0J6C4C9,0.9981328845024109
E9PPP6,A0A0J6C4D3,0.9955666661262512
Q9NWS8,A0A0J6C5W9,0.9935988187789917
K4DIA8,A0A0J6C5V4,0.990605890750885
O15427,A0A0J6C5U9,0.9999910593032837
H3BTA7,A0A0J6C3F1,0.9998929500579834
P61019,A0A0J6C2W5,0.9979889392852783
Q6N065,A0A0J6C3D2,0.9947330951690674
A0A0D9SEN2,A0A0J6C335,0.9999415874481201
Q9BZR9,A0A0J6C4T8,0.9992401599884033
Q96S38,A0A0J6C632,0.9928140044212341
Q5SVJ9,A0A0J6C3L7,0.9968241453170776
Q5UIP0,A0A0J6C4B9,0.9989379048347473
A0A0C4DH65,A0A0J6C3N2,0.9904836416244507
A0A7P0TBJ6,A0A0J6C4R4,0.9985406398773193
Q5SX87,A0A0J6C3P8,0.9908696413040161
A0A087WZI3,A0A0J6C3N6,0.9982157945632935
I3L2F8,A0A0J6C4R9,1.0
Q16854,A0A0J6C362,0.9931858777999878
H0YNB7,A0A0J6C2M2,0.9953775405883789
Q9BZ11,A0A0J6C4J8,0.9993813037872314
Q9UKA2,A0A0J6C4I4,0.9929400682449341
Q9NRD5,A0A0J6C4Z2,0.9989192485809326
A0A096LNJ4,A0A0J6C5U9,0.9999610185623169
Q14534,A0A0J6C3N2,0.9963745474815369
A0A087WW26,A0A0J6C512,0.9952256679534912
F8VVW7,A0A0J6C2K7,0.9958288073539734
Q9H3U1,A0A0J6C5A7,0.9976409673690796
A0A0A0MSE9,A0A0J6C3J3,0.9997962117195129
P51790,A0A0J6C4Z2,0.990514874458313
A0A286YFF1,A0A0J6C5Y8,0.9958978295326233
H0YJ35,A0A0J6C2Z3,0.9902176260948181
P49902,A0A0J6C4S9,0.9923756718635559
A8MYS5,A0A0J6C357,0.9915770292282104
E5RG18,A0A0J6C4W9,0.9940371513366699
A0A7I2V421,A0A0J6C5G7,0.998323380947113
Q8TF01,A0A2X3URF4,0.99658203125
A0A804HL53,A0A412FRZ8,0.994140625
E9PLM3,A0A0J6C5W4,0.9997977614402771
E9PKA1,A0A0J6C484,0.9977422952651978
A0A5F9ZI62,A0A413RC28,0.9912109375
A5YKK6,A0A0J6C3Q8,0.9996744394302368
Q9H7C4,A0A0J6C3V3,0.9928610920906067
E9PPZ4,A0A0J6C5X7,0.9956721067428589
Q68DC6,A0A0J6C4G3,0.9969931840896606
Q9Y4E8,A0A0J6C3Z6,0.9993788003921509
H0YNB7,A0A0J6C413,0.9972448348999023
Q16584,A0A0J6C591,0.9941399097442627
F8WF43,B1C1L2,0.99365234375
A0A6Q8PGX4,A0A0J6C4Y3,0.992626965045929
A0A1B0GV88,A0A0J6C5M2,0.9963300824165344
Q9H4X1,A0A0J6C625,0.9992876648902893
Q9Y333,A0A0J6C4M6,0.9998233914375305
Q02952,A0A0J6C3Q3,0.99191814661026
A0A7I2V507,A0A0J6C4H6,0.9980387091636658
A0A590UK04,A0A0J6C494,0.9908372163772583
P15621,A0A0J6C4W9,0.9922760128974915
G5EA35,A0A0J6C313,0.9999278783798218
Q8IZ21,A0A0J6C5N1,0.9979481101036072
Q969V6,A0A0J6C2W5,0.9982889294624329
Q13424,A0A0J6C3X0,0.9965818524360657
Q7Z3B3,A0A0J6C3K8,0.9954089522361755
J3KT56,A0A0J6C424,0.9912125468254089
Q92889,A0A0J6C4G9,0.9988998174667358
A8MZ97,A0A0J6C3B7,0.9908667802810669
A0A804HID8,A0A0J6C5W4,0.9995415210723877
Q8N8N7,A0A0J6C4L3,0.999413013458252
K7ELS9,A0A0J6C4L1,0.999994158744812
C9J038,A0A0J6C5M6,0.9954272508621216
Q14244,A0A0J6C3I3,0.993087112903595
P56385,A0A0J6C4U4,0.9911699295043945
A0A6Q8PG51,A0A0J6C3M7,0.9991657733917236
Q9UQ03,A0A0J6C2H7,0.990760326385498
H0Y9I3,D4JZ56,0.99951171875
J3QRH2,A0A0J6C4Y3,0.9944157600402832
Q7Z589,A0A0J6C2X2,0.9981720447540283
A0A804HJ32,A0A0J6C3P4,0.9942499399185181
O60503,A0A0J6C5Q1,0.9989117383956909
Q9BZI7,A0A0J6C2Z0,0.9986289739608765
E9PJ30,A0A0J6C302,0.9988386034965515
F8VY04,A0A0J6C437,0.9986513257026672
A0A494C0Q2,A0A0J6C4C6,0.9985583424568176
P09669,A0A0J6C2M2,0.9987006187438965
A0A7P0TB30,A0A0J6C4V4,0.9978227615356445
P05455,A0A0J6C5R5,0.9981623291969299
O15016,A0A0J6C367,0.9955129027366638
A0A2R8Y7I9,A0A0J6C484,0.9971156120300293
Q96NB1,A0A0J6C4S4,0.9967664480209351
P78317,A0A0J6C3P8,0.9941522479057312
O60291,A0A0J6C3Q3,0.9967394471168518
Q9NVA1,A0A0J6C4B9,0.9947695136070251
H7C5W8,A0A173YL86,0.99365234375
P62899,A0A0J6C413,0.9947243332862854
Q6ZMJ2,A0A0J6C408,0.9995800852775574
B1AMS2,A0A0J6C4L3,0.9971725940704346
B1AMT3,A0A0J6C5Q1,0.9979574680328369
A0A1W2PQZ6,A0A0J6C5T9,0.9960189461708069
O00499,A0A0J6C4V9,0.9968470931053162
B0QY64,A0A0J6C4Z9,0.9942278861999512
Q99735,A0A0J6C2U6,0.9906856417655945
V9GYD2,A0A0J6C3Q3,0.9940750598907471
O94880,A0A0J6C4V4,0.9928407669067383
H0YN23,A0A0J6C5D0,0.9907515048980713
C9JB29,A0A0J6C3T1,0.9915789365768433
D6RAN4,A0A0J6C2Y7,0.9981274008750916
P98170,A0A0J6C3Q8,0.9999343156814575
E5RGW5,A0A0J6C5Z2,0.9929403066635132
P0CG48,A0A0J6C3A7,0.9957675933837891
E5RHG9,A0A0J6C3P4,0.9932665824890137
C9JR66,A0A0J6C332,0.9973956346511841
Q4VC44,A0A0J6C2M8,0.9988728165626526
Q8N370,A0A0J6C309,0.9989515542984009
E9PN18,A0A0J6C4J2,0.9987173080444336
E9PHB3,A0A0J6C3A7,0.9957269430160522
P42336,A0A2K9P088,0.9970703125
D6RGW0,A0A0J6C329,0.9962354302406311
A0A0B4J1Y3,A0A0J6C2M8,0.9991590976715088
Q5SVJ9,A0A0J6C388,0.9957636594772339
Q04726,A0A0J6C406,0.9941073656082153
O15182,A0A0J6C2M2,0.9920843839645386
E9PR10,D4JZ56,0.9951171875
H0YK29,A0A0J6C4B5,0.9967948794364929
A0A0A0MQS4,A0A0J6C2V6,0.9992039799690247
Q96DR7,A0A0J6C2P9,0.9972978234291077
D6RDX1,A0A0J6C5N1,0.9976193308830261
H0YAE6,A0A0J6C3C2,0.9907838106155396
H7C1V2,A0A0J6C3E7,0.9997332692146301
G3XAM1,A0A413RC28,0.9970703125
E7ESE2,A0A0J6C344,0.9909008741378784
A0A3B3ISF9,A0A0J6C555,0.9972641468048096
A0A0C4DH48,A0A174PQL9,1.0
Q01740,A0A0J6C4T3,0.9953631162643433
Q9NQC3,A0A0J6C5P5,0.9999850988388062
A0A2R8YDF3,A0A0J6C3Z1,0.9988645315170288
D6RH20,A0A0H3YE42,0.9990823268890381
C9JZV9,A0A0P0GAF9,0.9970703125
Q5VYV7,A0A0J6C4M0,0.9982788562774658
A0A1W2PR68,A0A0J6C5H2,0.9947787523269653
A0A7I2V3J9,A0A0J6C561,0.9948816299438477
P14735,A0A0J6C3Z6,0.9927290081977844
Q5T5C0,A0A0J6C4A5,0.995347797870636
Q86V81,A0A0J6C5W4,0.9971007704734802
P21283,C4Z5G4,0.998046875
Q9NRH3,A0A0J6C550,0.9950756430625916
A0A1B0GVS8,A0A0J6C4Y3,0.9919102787971497
A0A286YFF1,A0A0J6C581,0.9964872598648071
Q6ICH2,A0A0J6C4V4,0.9925392270088196
H3BRA4,A0A0J6C3R5,0.999886155128479
O00192,A0A0J6C603,0.9973713159561157
B5MCP4,A0A0J6C2X6,0.9927999973297119
Q9Y3B8,A0A0J6C5X3,0.9999924898147583
A0A7P0MUT5,A0A0J6C3I8,0.9999371767044067
A0A2R8Y7P8,A0A0J6C625,0.9992520213127136
F5H6I0,A0A0J6C4Z2,0.9959670305252075
H0YAN8,A0A0J6C2I9,0.9955833554267883
D6RDB2,A0A0J6C3H2,0.9965775609016418
G3V3Z8,A0A0J6C3W3,0.9989196062088013
Q15648,A0A0J6C2L2,0.9925098419189453
G3V3I9,A0A2K9P5D8,0.99267578125
Q96FW1,A0A0J6C3A3,0.9956099390983582
Q92617,A0A0J6C555,0.9951387643814087
P20339,A0A0J6C529,0.9999974966049194
A0A6I8PU73,A0A0J6C367,0.9996461868286133
O94933,A0A0J6C2H7,0.996451735496521
G3V120,A0A0J6C4I7,0.9921067953109741
D5H3J5,A0A0J6C5B8,0.9903876185417175
E7ETB7,A0A0J6C3F6,0.9982072114944458
A0A1B0GV75,A0A0J6C2H2,0.9961562752723694
D6RDB2,A0A0J6C5W4,0.9998877048492432
D6RBP9,A0A0J6C4A3,0.9939272403717041
E7ENL8,A0A0J6C2W0,0.9905951023101807
Q8N884,A0A0J6C5M6,0.9905142784118652
A0A7I2V3X4,A0A0J6C615,0.9925612807273865
D6RGZ3,A0A0J6C3E7,0.9904864430427551
Q9UJY4,A0A0J6C561,0.9900262355804443
P46779,A0A413RC28,0.99267578125
Q05D32,A0A0J6C2L2,0.9995157718658447
A0A7P0TBE4,A0A0J6C392,0.992435872554779
Q6IN85,A0A0J6C2Z3,0.9959740042686462
Q6NSJ2,A0A0J6C2X6,0.9995125532150269
A0A2R8Y804,A0A0J6C388,0.9943506121635437
O15498,A0A413RC34,0.99072265625
V9GY40,A0A0J6C2W0,0.9941436648368835
A0A1W2PR68,A0A0J6C4E0,0.9944056272506714
A0A087WYI2,A0A0J6C632,0.9938337802886963
P0CG48,A0A0J6C3B7,0.9920837879180908
Q5T8D3,A0A0J6C566,0.9910037517547607
F8WCD0,A0A0J6C4T3,0.9946724772453308
Q7Z6U2,A0A0J6C5S4,0.9998626708984375
Q9UBF2,A0A0J6C4B0,0.9971767663955688
A0A087WW26,A0A0J6C3K3,0.9981847405433655
Q9NQ79,A0A0J6C437,0.9936090707778931
F5H8D6,A0A0J6C2I3,0.9948634505271912
B8ZZA1,B1C0C8,0.99072265625
F5GX23,A0A0J6C4D3,0.9927937984466553
Q6ICH2,A0A0J6C3X6,0.997968852519989
E9PR99,A0A0J6C4D3,0.9994269609451294
M0QY43,A0A0J6C2J6,0.9925941824913025
F2Z2Y1,A0A0J6C4G9,0.9996503591537476
P98174,A0A0J6C443,0.9995137453079224
Q9Y6E0,A0A0J6C5V4,0.996911346912384
A0A3B3IU24,A0A0J6C335,0.9952892065048218
G3V2U6,A0A0J6C4Q9,0.997689962387085
E9PKE4,A0A0J6C4S4,0.9937769174575806
A0A7P0TAE9,A0A0J6C535,0.9927648901939392
G5E9D5,A0A0J6C2L8,0.9917969703674316
G3V2X6,A0A0J6C4Y3,0.9983890056610107
Q9Y600,A0A0J6C3B2,0.9911862015724182
M0R3H0,A0A0J6C344,0.9976534247398376
Q6NSJ2,A0A0J6C5B8,0.9981573224067688
O14910,A0A0J6C540,0.9999746084213257
M0R1R3,A0A0J6C3D2,0.996173083782196
P35408,A0A0J6C3L7,0.9996522665023804
A0A0G2JPW5,A0A0J6C4Q9,0.9973698854446411
A0A6Q8PGE9,A0A0J6C4D3,0.9909752011299133
P47985,A0A0J6C362,0.9987636804580688
P49815,A0A0J6C4H2,0.9965967535972595
E9PKK8,A0A0J6C4Q9,0.9981843829154968
A8MY26,A0A0J6C313,0.9999970197677612
F8W7W8,A0A0J6C5S4,0.9990817308425903
A0A2R8Y7K6,A0A0J6C507,0.9935937523841858
E5RHW3,A0A0J6C5F0,0.9999942779541016
M0QXK0,A0A413RC28,0.998046875
K7EID9,D4JZ56,0.99951171875
A0A087WY58,A0A0J6C581,0.9924108982086182
Q92563,A0A0J6C424,0.9994364380836487
Q13362,A0A0J6C5Q9,0.9995586276054382
E7ESZ6,A0A0J6C4F0,0.9986178874969482
O75152,A0A0J6C2W8,0.9900591969490051
A0A6Q8PGR0,A0A0J6C5Y2,0.9984270334243774
I3L421,A0A0J6C3E7,0.9939830899238586
A0A804HI91,A0A2K9P088,1.0
A0A2R8Y7I5,A0A0J6C491,0.9998700618743896
O15182,A0A0J6C3S5,0.9934768080711365
P17181,A0A0J6C4M6,0.9961018562316895
E9PIH9,A0A0J6C4L3,0.9972537159919739
A0A7I2V552,A0A174PQL9,0.9931640625
E7EVS6,A0A0J6C2X2,0.9971933960914612
P51826,A0A173VBD4,0.9931640625
I3L303,A0A0J6C4H2,0.9916438460350037
A8MZ87,A0A0J6C5B8,0.9937906861305237
Q96EV8,A0A0J6C5Y2,0.9906678795814514
E9PK28,A0A2K9P088,0.99462890625
Q17RD7,A0A0J6C5Y2,0.997179388999939
H0YAR2,A0A0J6C3F6,0.9917532205581665
F5H5E8,A0A0J6C5Z4,0.9911596179008484
A0A804HKM0,A0A0J6C3Y5,0.9908387064933777
Q9NS75,A0A0J6C5P1,0.9997455477714539
Q5SZL6,A0A0J6C5X7,0.9905534386634827
Q8WU68,A0A0J6C5N1,0.9993643164634705
O43236,A0A0J6C3S5,0.9999998807907104
Q9NT62,A0A0J6C3X6,0.9996688365936279
A0A3B3IT15,A0A0J6C596,0.9952101111412048
Q8WWV3,A0A0J6C3T1,0.9953657388687134
A0A087WT44,A0A0J6C344,0.990051805973053
Q7L5N7,A0A0J6C4A3,0.9914279580116272
P46020,A0A0J6C4G3,0.9972209930419922
D6R9B4,A0A0J6C4L1,0.994126558303833
Q9HDC9,A0A0J6C4D7,0.9929601550102234
C9JEZ4,A0A0J6C5Z4,0.9979154467582703
A0A7I2V621,A0A0J6C486,0.9993182420730591
G3V4X4,A0A0J6C479,0.9913167953491211
A0A0D9SEY4,A0A0J6C5T3,0.9980902075767517
P55327,A0A0J6C2W5,0.9986279010772705
A0A2R8YES7,A0A0J6C306,0.9975367784500122
E9PRZ7,A0A0J6C5R5,0.9998260140419006
P49591,A0A0J6C4F0,0.997722327709198
P62910,D3ILY8,0.99365234375
F8WCT1,A0A0J6C437,0.9919528365135193
E9PK61,A0A0J6C4U9,0.9952796697616577
Q9UPT6,A0A0J6C5Y2,0.9928032755851746
E5RGL4,A0A0J6C2X6,0.9973394274711609
C9J5Z5,A0A0J6C4E0,0.9996254444122314
C9J5Z5,A0A0J6C4F8,0.9993841648101807
A0A2R8Y438,A0A0J6C4J2,0.9966298937797546
A0A3B3ISL9,A0A0J6C2X2,0.9946697354316711
C9JMS1,A0A0J6C2M2,0.9948568344116211
A0A7P0T8E8,A0A0J6C408,0.9956954717636108
Q8TBM7,A0A0J6C5R5,0.9983388185501099
P28330,A0A0J6C4B0,0.992780864238739
P48426,A0A0J6C2W8,0.9931656718254089
Q5T8F0,A0A0J6C5A2,0.9920549392700195
Q04760,A0A0J6C4J5,0.9997915625572205
A8K968,A0A0J6C586,0.9906365275382996
P51159,A0A0J6C512,0.9990035891532898
Q96QK1,A0A0J6C4Y3,0.9946730732917786
Q9BQP7,A0A0J6C3X0,0.9923405647277832
Q14008,A0A0J6C4V9,0.9972347617149353
P31153,A0A0J6C3V3,0.999881386756897
K7EQI4,A0A0J6C2Q5,0.9956142902374268
E7ENB7,A0A0J6C2H7,0.9997327923774719
P42704,A0A0J6C3B2,0.9970088601112366
D6RHC2,A0A0J6C4U9,0.9940508008003235
B9A037,A0A0J6C5A7,0.9988322854042053
H7C1V2,A0A0J6C2I9,0.995526134967804
E9PB61,A0A0J6C5X7,0.9983271956443787
E7EUL6,A0A0J6C4J2,0.9909277558326721
A0A2R8Y7Q3,A0A0J6C4T8,0.991214394569397
A0A7I2V506,A0A0J6C5W9,0.9908607006072998
I3L3H5,A0A0J6C4E7,0.9997205138206482
A6NKE1,A0A0J6C4K2,0.9950767159461975
A0A7P0TBE4,A0A0J6C2U6,0.9930764436721802
A0A7I2V5V8,A0A0J6C4H6,0.9965863227844238
K7ER15,A0A0J6C5Y8,0.9950083494186401
O76080,A0A0J6C545,0.9998762607574463
A0A2R8YF78,A0A0J6C2K2,0.9970967769622803
E9PKY7,A0A0J6C4C3,0.9998719692230225
Q9UKX7,A0A0J6C5A2,0.9928812980651855
B8ZWD1,A0A0J6C3V8,0.9920650124549866
A0A669KAY7,A0A0J6C4R9,0.9999879598617554
Q8NFZ0,A0A0J6C5R5,0.9931934475898743
P10070,A0A0J6C586,0.9984812140464783
P82914,A0A0J6C2Z7,0.990796685218811
Q16531,A0A0J6C5L8,0.9956188797950745
O14770,A0A0J6C498,0.9961973428726196
C9K049,A0A0J6C3G1,0.9933010339736938
A0A1B0GVU5,A0A0J6C3I3,0.992003858089447
P62913,A0A0J6C3G1,0.9924450516700745
Q9NRD5,A0A0J6C5R5,0.9986897110939026
G5E998,A0A0J6C3H8,0.9955376386642456
Q96QK1,A0A0J6C5N6,0.9900482892990112
A0A7P0TA97,A0A0J6C321,0.992443859577179
O43638,A0A0J6C5S4,0.9995129108428955
E9PP81,A0A0J6C5G7,0.9985026121139526
A0A1W2PNH9,A0A0J6C408,0.9956810474395752
H0YD75,A0A0J6C4G3,0.994962215423584
A0A804HL02,A0A0J6C5F7,0.9931949377059937
Q16630,D4JZ56,0.99951171875
B7Z4W5,A0A0J6C2L8,0.9968788623809814
Q9UHJ6,A0A0J6C388,0.9966499209403992
E5RFP8,A0A0J6C335,0.9940500259399414
F5GWH7,A0A0J6C2Q5,0.9954267144203186
O00206,D4JZ56,0.9990234375
A0A804HIZ6,A0A413RC28,0.99951171875
F5GWH7,A0A0J6C327,0.9919580221176147
V9GY40,A0A0J6C449,0.9939846396446228
A0A7I2V327,D4JZ56,0.99951171875
C9IZ32,A0A0J6C4R9,0.991398811340332
O15260,A0A0J6C4K6,0.9934145212173462
O75604,A0A0J6C5V9,0.9933704137802124
C9J7M1,A0A0J6C2W8,0.993370771408081
Q6ZW49,A0A0J6C5Y8,0.9960926175117493
E9PPB8,A0A0J6C5U4,0.9979618787765503
Q5T8R5,A0A0J6C302,0.9944551587104797
V9GY40,A0A0J6C3R5,0.9954700469970703
Q8WXA9,A0A0J6C4D3,0.9941241145133972
H0YB80,A0A0J6C5L8,0.9943097829818726
Q5XG87,A0A0J6C2U2,0.9980692267417908
A0A6Q8PFE1,A0A0J6C5Q5,0.9994812607765198
A0A7I2V5L0,A0A0J6C413,0.9985672235488892
F8VNZ9,A0A1B8T1U3,0.998046875
A0A2R8Y5J4,A0A0J6C5Y8,0.9985193610191345
D6RCE6,A0A0J6C392,0.9978010058403015
E9PJH8,A0A0J6C324,0.9912494421005249
J3KSA4,A0A0J6C5W4,0.999843955039978
A0A5F9ZH50,A0A0J6C5T3,0.9960314631462097
Q969T7,A0A0J6C3Q8,0.9999799728393555
C9JLV4,A0A173YL86,0.99658203125
J3QQT9,B1BYN6,0.9916683435440063
E7EMU4,A0A0J6C5R9,0.9957388639450073
Q9H1U4,A0A0J6C491,0.9978315234184265
F8W9B8,A0A174PQL9,0.9990234375
A0A7I2YQY4,A0A0J6C2N3,0.990774929523468
E5RHC5,A0A0J6C4W5,0.9997650980949402
F5H6Q2,A0A0J6C3L7,0.9964545965194702
E9PKI6,A0A0J6C4L3,0.9934890270233154
A0A1B0GWD5,A0A0J6C512,0.9990918636322021
B1AKL6,A0A0J6C5R9,0.992893397808075
H0YE22,A0A0J6C4A5,0.9994317889213562
A0A1W2PPX9,D4JZ56,0.9990234375
Q9ULZ3,A0A0J6C5D0,0.9973427653312683
Q9UI36,A0A0J6C3X6,0.9998593330383301
B1AMB2,A0A0J6C3V3,0.9927929639816284
M0QZL2,A0A0J6C4L3,0.9997801184654236
E7ETT4,A0A0J6C4G9,0.9972959160804749
A0A3B3IUC0,A0A0J6C3Z6,0.9943944215774536
Q8IZ21,A0A0J6C3C2,0.99456787109375
K4DIA2,A0A0J6C4A3,0.9988008737564087
D6R9N5,A0A413R867,0.99609375
A0A286YF28,A0A0J6C4Z9,0.9946582913398743
E9PAL7,A0A0J6C586,0.9911965131759644
Q13177,A0A413RC28,0.99853515625
Q9GZS1,A0A0J6C3V3,0.9963550567626953
H3BPB8,A0A0J6C2X9,0.9916999936103821
M0R264,A0A0J6C2M2,0.9970110654830933
Q7Z4V5,A0A0J6C607,0.9948344230651855
A0A7P0Z4Q7,A0A1H4CMV9,0.99560546875
H0YCW3,A0A0J6C5N1,0.9988076686859131
H0YLE5,B1C0C2,0.99755859375
J3KRW3,A0A0J6C429,0.9987695813179016
D2KFR9,A0A0J6C2K2,0.9981710910797119
E9PJF4,A0A0J6C3R9,0.9921796321868896
Q5T8F0,A0A0J6C486,0.9933328032493591
Q96RT1,A0A0J6C5S7,0.9938346147537231
P23246,A0A0J6C3D2,0.9962639212608337
Q9BXR0,A0A0J6C4H2,0.9906003475189209
V9GYD2,A0A0J6C545,0.9907874464988708
P05186,A0A0J6C3E2,0.9979464411735535
Q9ULH0,A0A0J6C324,0.9935459494590759
A2RU54,A0A0J6C5S4,0.9951032400131226
Q32MM7,A0A0J6C591,0.9970484375953674
Q6NSM0,A0A0J6C5Z7,0.9979777932167053
Q9Y3B8,A0A0J6C5G1,0.999342143535614
P18074,A0A0J6C550,0.9997230172157288
P35610,A0A0J6C3G6,0.9939072728157043
F5H8D3,A0A0J6C4T3,0.9929078817367554
A0A3B3ISF9,A0A0J6C3X0,0.9964609742164612
Q5JQF3,A0A0J6C2P9,0.99825519323349
P51159,A0A0J6C5U4,0.9998047947883606
A0A6Q8PF40,A0A0J6C2H2,0.9983519315719604
Q8WUP2,A0A0J6C5B2,0.9998670816421509
A0A5F9YLF9,A0A0J6C5R9,0.9977370500564575
H3BNQ5,A0A0J6C4Q3,0.9933255910873413
Q5JST6,A0A0J6C5R9,0.9968461394309998
A0A0A6YYG7,A0A0J6C362,0.9970279335975647
Q9BSB4,A0A0J6C4L1,0.9999960660934448
A0A3F2YNX8,A0A0J6C3F6,0.9914207458496094
V9GY40,A0A0J6C2X9,0.9932135343551636
C9J6P4,A0A0J6C3S5,0.9909558892250061
P52272,A0A0J6C3X0,0.9907312989234924
A0A1B0GUV4,A0A0J6C327,0.99533611536026
D6RJE6,A0A0J6C2I9,0.9935097098350525
H0YCD9,A0A0J6C5Q1,0.9991230368614197
A0A1B0GU56,A0A0J6C523,0.9901695847511292
K7EQR8,A0A0J6C5X7,0.9991666078567505
Q9H6D7,A0A0J6C4U9,0.9951440095901489
A0A7P0T9G0,A0A0J6C5N1,0.9972937703132629
O43159,A0A0J6C5N6,0.997642457485199
